rho,lambda,n_seeds,dual_theta_mse,dual_z_mse,dual_joint_mse,dual_theta_cls,dual_z_cls,dual_weighted_cls,single_theta_mse,single_z_mse,single_joint_mse,single_theta_cls,single_z_cls,single_weighted_cls,best_tau,gap,cls_gap,dual_theta_mse_ci95,dual_z_mse_ci95,dual_joint_mse_ci95,dual_theta_cls_ci95,dual_z_cls_ci95,dual_weighted_cls_ci95,single_theta_mse_ci95,single_z_mse_ci95,single_joint_mse_ci95,single_theta_cls_ci95,single_z_cls_ci95,single_weighted_cls_ci95,best_tau_ci95,gap_ci95,cls_gap_ci95
0.0100000000,1.0000000000,4,0.5621888996,0.5795833655,1.1417722650,0.2600000000,0.2775000000,0.5375000000,0.5621888996,0.5795833655,1.1417722650,0.2600000000,0.2775000000,0.5375000000,0.0100000000,0.0000000000,0.0000000000,0.2209895795,0.2190013177,0.4390737247,0.1007913577,0.1305134518,0.2307166444,0.2209895795,0.2190013177,0.4390737247,0.1007913577,0.1305134518,0.2307166444,0.0000000000,0.0000000000,0.0000000000
0.5000000000,50.0000000000,4,0.1176296736,0.4740422998,0.5916719734,0.0383333333,0.1725000000,0.2108333333,0.6252085847,0.7504691518,1.3756777364,0.2341666667,0.3191666667,0.5533333333,0.2724621956,0.7840057631,0.3425000000,0.0803921404,0.0736850352,0.1417532597,0.0272657430,0.0263198207,0.0475914208,0.0461258675,0.0664629885,0.0641380914,0.0318255604,0.0409203517,0.0211704196,0.0448480576,0.1047219500,0.0510530987
