{
  "format": "rescue_decoder_checkpoint_v1",
  "config": {
    "signature_version": 1,
    "T": 6000,
    "eps": 0.01,
    "rhos": [
      0.01,
      0.01544452104946379,
      0.023853323044733008,
      0.03684031498640387,
      0.05689810202763908,
      0.08787639344404101,
      0.13572088082974532,
      0.20961440008267682,
      0.32373940143476265,
      0.5
    ],
    "a": 1.0,
    "b": 1.0,
    "sigma": 1.0,
    "n_tau": 50,
    "n_seeds": 2,
    "base_seed": 0,
    "n_epochs": 1500,
    "lr": 0.003,
    "lr_schedule": "cosine",
    "lr_eta_min": 1e-05,
    "clock_periods": [
      1,
      8,
      64
    ],
    "hidden_dim": 64,
    "run_diagnostic_y_gru": true,
    "run_diagnostic_dual_gru": true,
    "run_gru_matched": true,
    "val_frac": 0.0,
    "early_stopping_patience": 0,
    "torch_compile": false,
    "device_str": "cuda"
  },
  "completed_results": [
    {
      "lambda": 1.0,
      "rho": 0.01,
      "dual_mse": 1.1128009491854605,
      "dual_mse_ci95": 0.13476385921209336,
      "dual_theta_mse": 0.5645381686773219,
      "dual_theta_mse_ci95": 0.07503100255586982,
      "dual_z_mse": 0.5482627805081388,
      "dual_z_mse_ci95": 0.05973285665622353,
      "dual_weighted_cls": 0.5293103448275862,
      "dual_weighted_cls_ci95": 0.05880000000000005,
      "dual_theta_cls": 0.27034482758620687,
      "dual_theta_cls_ci95": 0.0479862068965517,
      "dual_z_cls": 0.2589655172413793,
      "dual_z_cls_ci95": 0.010813793103448264,
      "single_mse": 1.1128009491854605,
      "single_mse_ci95": 0.13476385921209336,
      "single_theta_mse": 0.5645381686773219,
      "single_theta_mse_ci95": 0.07503100255586982,
      "single_z_mse": 0.5482627805081388,
      "single_z_mse_ci95": 0.05973285665622353,
      "single_weighted_cls": 0.5293103448275862,
      "single_weighted_cls_ci95": 0.05880000000000005,
      "single_theta_cls": 0.27034482758620687,
      "single_theta_cls_ci95": 0.0479862068965517,
      "single_z_cls": 0.2589655172413793,
      "single_z_cls_ci95": 0.010813793103448264,
      "base_gap": 0.0,
      "base_gap_ci95": 0.0,
      "gap_theta": 0.0,
      "gap_theta_ci95": 0.0,
      "gap_z": 0.0,
      "gap_z_ci95": 0.0,
      "tau_star": 0.01,
      "tau_star_ci95": 0.0,
      "one_pole_mse": 1.1787656487198823,
      "one_pole_mse_ci95": 0.1100828156590009,
      "one_pole_theta_mse": 0.60196207665526,
      "one_pole_theta_mse_ci95": 0.066814274832439,
      "one_pole_z_mse": 0.5768035720646223,
      "one_pole_z_mse_ci95": 0.0432685408265619,
      "one_pole_weighted_cls": 0.6393103448275862,
      "one_pole_weighted_cls_ci95": 0.028386206896551604,
      "one_pole_theta_cls": 0.32517241379310347,
      "one_pole_theta_cls_ci95": 0.006082758620689644,
      "one_pole_z_cls": 0.31413793103448273,
      "one_pole_z_cls_ci95": 0.022303448275862014,
      "one_pole_fraction": 0.0,
      "one_pole_fraction_ci95": 0.0,
      "one_pole_fraction_theta": 0.0,
      "one_pole_fraction_theta_ci95": 0.0,
      "one_pole_fraction_z": 0.0,
      "one_pole_fraction_z_ci95": 0.0,
      "gru_mse": 1.9360836471054008,
      "gru_mse_ci95": 0.1229867882877846,
      "gru_theta_mse": 0.9477833749660516,
      "gru_theta_mse_ci95": 0.26076578054317545,
      "gru_z_mse": 0.9883002721393492,
      "gru_z_mse_ci95": 0.13777899225539103,
      "gru_weighted_cls": 0.5803448275862069,
      "gru_weighted_cls_ci95": 0.007434482758620725,
      "gru_theta_cls": 0.26620689655172414,
      "gru_theta_cls_ci95": 0.09191724137931033,
      "gru_z_cls": 0.31413793103448273,
      "gru_z_cls_ci95": 0.08448275862068966,
      "gru_fraction": 0.0,
      "gru_fraction_ci95": 0.0,
      "gru_fraction_theta": 0.0,
      "gru_fraction_theta_ci95": 0.0,
      "gru_fraction_z": 0.0,
      "gru_fraction_z_ci95": 0.0,
      "clockwork_mse": 3.0900422876844993,
      "clockwork_mse_ci95": 0.031106550368892743,
      "clockwork_theta_mse": 1.6950633531561443,
      "clockwork_theta_mse_ci95": 0.11493347812023733,
      "clockwork_z_mse": 1.3949789345283552,
      "clockwork_z_mse_ci95": 0.14604002848913006,
      "clockwork_weighted_cls": 0.8877586206896552,
      "clockwork_weighted_cls_ci95": 0.061165517241379336,
      "clockwork_theta_cls": 0.5032758620689655,
      "clockwork_theta_cls_ci95": 0.010475862068965494,
      "clockwork_z_cls": 0.38448275862068965,
      "clockwork_z_cls_ci95": 0.05068965517241378,
      "clockwork_fraction": 0.0,
      "clockwork_fraction_ci95": 0.0,
      "clockwork_fraction_theta": 0.0,
      "clockwork_fraction_theta_ci95": 0.0,
      "clockwork_fraction_z": 0.0,
      "clockwork_fraction_z_ci95": 0.0,
      "gru_matched_mse": 1.7742720827780747,
      "gru_matched_mse_ci95": 0.26775014089224686,
      "gru_matched_theta_mse": 0.9040757457938916,
      "gru_matched_theta_mse_ci95": 0.14382192312671088,
      "gru_matched_z_mse": 0.870196336984183,
      "gru_matched_z_mse_ci95": 0.12392821776553604,
      "gru_matched_weighted_cls": 0.4720689655172414,
      "gru_matched_weighted_cls_ci95": 0.05744827586206897,
      "gru_matched_theta_cls": 0.24,
      "gru_matched_theta_cls_ci95": 0.03244137931034482,
      "gru_matched_z_cls": 0.23206896551724138,
      "gru_matched_z_cls_ci95": 0.025006896551724122,
      "gru_matched_fraction": 0.0,
      "gru_matched_fraction_ci95": 0.0,
      "gru_matched_fraction_theta": 0.0,
      "gru_matched_fraction_theta_ci95": 0.0,
      "gru_matched_fraction_z": 0.0,
      "gru_matched_fraction_z_ci95": 0.0,
      "diag_y_gru_mse": 2.585755546374752,
      "diag_y_gru_mse_ci95": 0.276844690488911,
      "diag_y_gru_theta_mse": 1.319478963156765,
      "diag_y_gru_theta_mse_ci95": 0.47706852420022006,
      "diag_y_gru_z_mse": 1.266276583217987,
      "diag_y_gru_z_mse_ci95": 0.20022383371130859,
      "diag_y_gru_weighted_cls": 0.6917241379310345,
      "diag_y_gru_weighted_cls_ci95": 0.09597241379310345,
      "diag_y_gru_theta_cls": 0.34448275862068967,
      "diag_y_gru_theta_cls_ci95": 0.12706206896551722,
      "diag_y_gru_z_cls": 0.3472413793103448,
      "diag_y_gru_z_cls_ci95": 0.031089655172413768,
      "diag_dual_gru_mse": 1.945524979548254,
      "diag_dual_gru_mse_ci95": 0.9404713255364843,
      "diag_dual_gru_theta_mse": 0.9599713691308717,
      "diag_dual_gru_theta_mse_ci95": 0.4386013099707189,
      "diag_dual_gru_z_mse": 0.9855536104173823,
      "diag_dual_gru_z_mse_ci95": 0.5018700155657652,
      "diag_dual_gru_weighted_cls": 0.5496551724137931,
      "diag_dual_gru_weighted_cls_ci95": 0.32306206896551726,
      "diag_dual_gru_theta_cls": 0.26982758620689656,
      "diag_dual_gru_theta_cls_ci95": 0.14564827586206894,
      "diag_dual_gru_z_cls": 0.2798275862068966,
      "diag_dual_gru_z_cls_ci95": 0.17741379310344826
    }
  ],
  "partial_rho_idx": null,
  "partial_seed_rows": null
}
